Workbook

Sheet Data
A1: 5 | B1: apple | C1: 45306 | E1: x | F1: y | G1: z | H1: 1 | I1: 9 | J1: -100
A2: 3 | B2: banana | C2: 45338 | E2: 10 | F2: 20 | G2: 30 | H2: 3 | I2: 7 | J2: 30
A3: 8 | B3: cherry | C3: 45368 | H3: 5 | I3: 5 | J3: 40
A4: 1 | B4: apple | C4: 45400 | H4: 7 | I4: 3 | J4: 50
A5: 9 | B5: date | C5: 45431 | H5: 9 | I5: 1 | J5: 60
A6: 2 | B6: banana | C6: 45463
A7: 7 | B7: apple | C7: 45494
A8: 4 | B8: fig | C8: 45526

Sheet Calc
A1: =SUM(Data!A1:A8) -> 39 | B1: SUM(Data!A1:A8)
A2: =AVERAGE(Data!A1:A8) -> 4.875 | B2: AVERAGE(Data!A1:A8)
A3: =MIN(Data!A1:A8) -> 1 | B3: MIN(Data!A1:A8)
A4: =MAX(Data!A1:A8) -> 9 | B4: MAX(Data!A1:A8)
A5: =COUNT(Data!A1:A8) -> 8 | B5: COUNT(Data!A1:A8)
A6: =COUNTA(Data!B1:B9) -> 8 | B6: COUNTA(Data!B1:B9)
A7: =MEDIAN(Data!A1:A8) -> 4.5 | B7: MEDIAN(Data!A1:A8)
A8: =LARGE(Data!A1:A8,2) -> 8 | B8: LARGE(Data!A1:A8,2)
A9: =SMALL(Data!A1:A8,3) -> 3 | B9: SMALL(Data!A1:A8,3)
A10: =PRODUCT(Data!A1:A3) -> 120 | B10: PRODUCT(Data!A1:A3)
A11: =SUMIF(Data!B1:B8,"apple",Data!A1:A8) -> 13 | B11: SUMIF(Data!B1:B8,"apple",Data!A1:A8)
A12: =COUNTIF(Data!B1:B8,"a*") -> 3 | B12: COUNTIF(Data!B1:B8,"a*")
A13: =COUNTIF(Data!A1:A8,">4") -> 4 | B13: COUNTIF(Data!A1:A8,">4")
A14: =COUNTIF(Data!A1:A8,"<>5") -> 7 | B14: COUNTIF(Data!A1:A8,"<>5")
A15: =SUMIFS(Data!A1:A8,Data!B1:B8,"apple",Data!A1:A8,">=5") -> 12 | B15: SUMIFS(Data!A1:A8,Data!B1:B8,"apple",Data!A1:A8,">=5")
A16: =AVERAGEIF(Data!B1:B8,"banana",Data!A1:A8) -> 2.5 | B16: AVERAGEIF(Data!B1:B8,"banana",Data!A1:A8)
A17: =COUNTIFS(Data!B1:B8,"apple",Data!A1:A8,"<6") -> 2 | B17: COUNTIFS(Data!B1:B8,"apple",Data!A1:A8,"<6")
A18: =_xlfn.MAXIFS(Data!A1:A8,Data!B1:B8,"apple") -> 7 | B18: _xlfn.MAXIFS(Data!A1:A8,Data!B1:B8,"apple")
A19: =_xlfn.MINIFS(Data!A1:A8,Data!B1:B8,"apple") -> 1 | B19: _xlfn.MINIFS(Data!A1:A8,Data!B1:B8,"apple")
A20: =SUMPRODUCT(Data!A1:A8,Data!A1:A8) -> 249 | B20: SUMPRODUCT(Data!A1:A8,Data!A1:A8)
A21: =SUMPRODUCT((Data!B1:B8="apple")*(Data!A1:A8)) -> 13 | B21: SUMPRODUCT((Data!B1:B8="apple")*(Data!A1:A8))
A22: =COUNTBLANK(Data!B1:B9) -> 1 | B22: COUNTBLANK(Data!B1:B9)
A23: =SUM(Data!A:A) -> 39 | B23: SUM(Data!A:A)
A24: =SUMSQ(Data!A1:A3) -> 98 | B24: SUMSQ(Data!A1:A3)
A25: =STDEV(Data!A1:A8) -> 2.9001232 | B25: STDEV(Data!A1:A8)
A26: =VAR(Data!A1:A8) -> 8.4107143 | B26: VAR(Data!A1:A8)
A27: =ROUND(Data!A1/3,2) -> 1.67 | B27: ROUND(Data!A1/3,2)
A28: =ROUND(2.5,0) -> 3 | B28: ROUND(2.5,0)
A29: =ROUND(-2.5,0) -> -3 | B29: ROUND(-2.5,0)
A30: =ROUND(1.005,2) -> 1.01 | B30: ROUND(1.005,2)
A31: =ROUND(1234.567,-2) -> 1200 | B31: ROUND(1234.567,-2)
A32: =ROUNDUP(2.341,2) -> 2.35 | B32: ROUNDUP(2.341,2)
A33: =ROUNDDOWN(-2.349,2) -> -2.34 | B33: ROUNDDOWN(-2.349,2)
A34: =TRUNC(8.97) -> 8 | B34: TRUNC(8.97)
A35: =TRUNC(8.97,1) -> 8.9 | B35: TRUNC(8.97,1)
A36: =INT(-3.2) -> -4 | B36: INT(-3.2)
A37: =MOD(-7,3) -> 2 | B37: MOD(-7,3)
A38: =MOD(7,-3) -> -2 | B38: MOD(7,-3)
A39: =POWER(2,10) -> 1024 | B39: POWER(2,10)
A40: =SQRT(16) -> 4 | B40: SQRT(16)
A41: =ABS(-4) -> 4 | B41: ABS(-4)
A42: =SIGN(-3) -> -1 | B42: SIGN(-3)
A43: =EXP(1) -> 2.7182818 | B43: EXP(1)
A44: =LN(10) -> 2.3025851 | B44: LN(10)
A45: =LOG(100,10) -> 2 | B45: LOG(100,10)
A46: =LOG(8,2) -> 3 | B46: LOG(8,2)
A47: =LOG10(1000) -> 3 | B47: LOG10(1000)
A48: =CEILING(4.3,0.5) -> 4.5 | B48: CEILING(4.3,0.5)
A49: =FLOOR(4.3,0.5) -> 4 | B49: FLOOR(4.3,0.5)
A50: =PI() -> 3.1415927 | B50: PI()
A51: =EVEN(3) -> 4 | B51: EVEN(3)
A52: =ODD(2) -> 3 | B52: ODD(2)
A53: =EVEN(-3) -> -4 | B53: EVEN(-3)
A54: =FACT(5) -> 120 | B54: FACT(5)
A55: =DEGREES(PI()) -> 180 | B55: DEGREES(PI())
A56: =SIN(PI()/2) -> 1 | B56: SIN(PI()/2)
A57: =ATAN2(1,1) -> 0.78539816 | B57: ATAN2(1,1)
A58: =IF(Data!A1>3,"big","small") -> big | B58: IF(Data!A1>3,"big","small")
A59: =IF(Data!A2>3,"big","small") -> small | B59: IF(Data!A2>3,"big","small")
A60: =IFERROR(1/0,"err") -> err | B60: IFERROR(1/0,"err")
A61: =_xlfn.IFNA(NA(),"na") -> na | B61: _xlfn.IFNA(NA(),"na")
A62: =AND(TRUE(),1,Data!A1>1) -> TRUE | B62: AND(TRUE,1,Data!A1>1)
A63: =OR(FALSE(),0,Data!A1<1) -> FALSE | B63: OR(FALSE,0,Data!A1<1)
A64: =NOT(Data!A1>1) -> FALSE | B64: NOT(Data!A1>1)
A65: =_xlfn.XOR(TRUE(),TRUE()) -> FALSE | B65: _xlfn.XOR(TRUE,TRUE)
A66: =CHOOSE(2,"a","b","c") -> b | B66: CHOOSE(2,"a","b","c")
A67: =_xlfn.IFS(Data!A1<1,"x",Data!A1>1,"y") -> y | B67: _xlfn.IFS(Data!A1<1,"x",Data!A1>1,"y")
A68: =_xlfn.SWITCH(Data!A1,5,"five",3,"three","other") -> five | B68: _xlfn.SWITCH(Data!A1,5,"five",3,"three","other")
A69: =ISNUMBER(Data!A1) -> TRUE | B69: ISNUMBER(Data!A1)
A70: =ISTEXT(Data!B1) -> TRUE | B70: ISTEXT(Data!B1)
A71: =ISBLANK(Data!B9) -> TRUE | B71: ISBLANK(Data!B9)
A72: =ISERROR(1/0) -> TRUE | B72: ISERROR(1/0)
A73: =ISNA(NA()) -> TRUE | B73: ISNA(NA())
A74: =ISEVEN(4) -> TRUE | B74: ISEVEN(4)
A75: =ISODD(4) -> FALSE | B75: ISODD(4)
A76: =ISLOGICAL(TRUE()) -> TRUE | B76: ISLOGICAL(TRUE)
A77: =N(TRUE()) -> 1 | B77: N(TRUE)
A78: =LEN(Data!B2) -> 6 | B78: LEN(Data!B2)
A79: =UPPER(Data!B2) -> BANANA | B79: UPPER(Data!B2)
A80: =LOWER("ABC") -> abc | B80: LOWER("ABC")
A81: =PROPER("hELLO wORLD") -> Hello World | B81: PROPER("hELLO wORLD")
A82: =TRIM(" a b ") -> a b | B82: TRIM(" a b ")
A83: =LEFT(Data!B2,3) -> ban | B83: LEFT(Data!B2,3)
A84: =RIGHT(Data!B2,2) -> na | B84: RIGHT(Data!B2,2)
A85: =MID(Data!B2,2,3) -> ana | B85: MID(Data!B2,2,3)
A86: =FIND("n",Data!B2) -> 3 | B86: FIND("n",Data!B2)
A87: =SEARCH("AN",Data!B2) -> 2 | B87: SEARCH("AN",Data!B2)
A88: =SEARCH("b*a",Data!B2) -> 1 | B88: SEARCH("b*a",Data!B2)
A89: =SUBSTITUTE("a-b-c","-","+") -> a+b+c | B89: SUBSTITUTE("a-b-c","-","+")
A90: =SUBSTITUTE("a-b-c","-","+",2) -> a-b+c | B90: SUBSTITUTE("a-b-c","-","+",2)
A91: =REPLACE("abcdef",2,3,"X") -> aXef | B91: REPLACE("abcdef",2,3,"X")
A92: =REPT("ab",3) -> ababab | B92: REPT("ab",3)
A93: =EXACT("a","A") -> FALSE | B93: EXACT("a","A")
A94: =CONCATENATE("a",1,"b") -> a1b | B94: CONCATENATE("a",1,"b")
A95: =_xlfn.CONCAT("a",Data!A1) -> a5 | B95: _xlfn.CONCAT("a",Data!A1)
A96: =_xlfn.TEXTJOIN("-",TRUE(),"a","","b") -> a-b | B96: _xlfn.TEXTJOIN("-",TRUE,"a","","b")
A97: =VALUE("12.5") -> 12.5 | B97: VALUE("12.5")
A98: =VALUE("50%") -> 0.5 | B98: VALUE("50%")
A99: =TEXT(1234.567,"#,##0.00") -> 1,234.57 | B99: TEXT(1234.567,"#,##0.00")
A100: =TEXT(0.256,"0.0%") -> 25.6% | B100: TEXT(0.256,"0.0%")
...
